{
    "name": "+x wall",
    "xyz": [
        0.0,
        -20.0,
        -3.0,
        0.0,
        20.0,
        -3.0,
        0.0,
        20.0,
        3.0,
        0.0,
        -20.0,
        -3.0,
        0.0,
        20.0,
        3.0,
        0.0,
        -20.0,
        3.0
    ],
    "uv": [
        1.0,
        0.25,
        0.0,
        0.25,
        0.0,
        0.5,
        1.0,
        0.25,
        0.0,
        0.5,
        1.0,
        0.5
    ],
    "nxyz": [
        -0.9999999403953552,
        0.0,
        0.0,
        -0.9999999403953552,
        0.0,
        0.0,
        -0.9999999403953552,
        0.0,
        0.0,
        -0.9999999403953552,
        0.0,
        0.0,
        -0.9999999403953552,
        0.0,
        0.0,
        -0.9999999403953552,
        0.0,
        0.0
    ],
    "txyz": [
        0.0,
        -1.0,
        0.0,
        0.0,
        0.0,
        -1.0,
        0.0,
        0.0,
        0.0,
        -1.0,
        0.0,
        0.0,
        0.0,
        -1.0,
        0.0,
        0.0,
        0.0,
        -1.0,
        0.0,
        0.0,
        0.0,
        -1.0,
        0.0,
        0.0
    ],
    "parts": [
        {
            "material": "wall",
            "idx": [
                0,
                2,
                1,
                3,
                5,
                4
            ]
        }
    ]
}