{
    "name": "-x wall",
    "xyz": [
        0.0,
        20.0,
        3.0,
        0.0,
        20.0,
        -3.0,
        -0.0,
        -20.0,
        -3.0,
        0.0,
        20.0,
        3.0,
        -0.0,
        -20.0,
        -3.0,
        -0.0,
        -20.0,
        3.0
    ],
    "uv": [
        1.0,
        1.0,
        1.0,
        0.75,
        0.0,
        0.75,
        1.0,
        1.0,
        0.0,
        0.75,
        0.0,
        1.0
    ],
    "nxyz": [
        1.0,
        -2.980232505223057e-09,
        0.0,
        1.0,
        -2.980232505223057e-09,
        0.0,
        1.0,
        -2.980232505223057e-09,
        0.0,
        1.0,
        -2.980232505223057e-09,
        0.0,
        1.0,
        -2.980232505223057e-09,
        0.0,
        1.0,
        -2.980232505223057e-09,
        0.0
    ],
    "txyz": [
        0.0,
        1.0,
        0.0,
        0.0,
        0.0,
        1.0,
        0.0,
        0.0,
        0.0,
        1.0,
        0.0,
        0.0,
        0.0,
        1.0,
        0.0,
        0.0,
        0.0,
        1.0,
        0.0,
        0.0,
        0.0,
        1.0,
        0.0,
        0.0
    ],
    "parts": [
        {
            "material": "wall",
            "idx": [
                0,
                2,
                1,
                3,
                5,
                4
            ]
        }
    ]
}