{"xyz":[0.0,1.0,0.0,0.19509,0.980785,0.0,0.0,0.0,0.0,0.55557,-0.83147,0.0,0.382683,-0.92388,0.0,-0.92388,0.382683,0.0,-0.83147,0.55557,0.0,0.707107,-0.707107,0.0,-0.980785,0.19509,0.0,0.83147,-0.55557,0.0,-1.0,0.0,0.0,0.92388,-0.382683,0.0,-0.980785,-0.19509,0.0,0.980785,-0.19509,0.0,-0.92388,-0.382683,0.0,1.0,0.0,0.0,-0.83147,-0.55557,0.0,0.980785,0.19509,0.0,-0.707107,-0.707107,0.0,0.92388,0.382683,0.0,-0.55557,-0.83147,0.0,0.83147,0.55557,0.0,-0.382683,-0.92388,0.0,-0.19509,0.980785,0.0,0.707107,0.707107,0.0,-0.19509,-0.980785,0.0,-0.382683,0.92388,0.0,0.55557,0.83147,0.0,0.0,-1.0,0.0,-0.55557,0.83147,0.0,0.382683,0.92388,0.0,0.19509,-0.980785,0.0,-0.707107,0.707107,0.0],"uv":[0.0,0.0,0.0,0.0,0.0,0.0,0.0,0.0,0.0,0.0,0.0,0.0,0.0,0.0,0.0,0.0,0.0,0.0,0.0,0.0,0.0,0.0,0.0,0.0,0.0,0.0,0.0,0.0,0.0,0.0,0.0,0.0,0.0,0.0,0.0,0.0,0.0,0.0,0.0,0.0,0.0,0.0,0.0,0.0,0.0,0.0,0.0,0.0,0.0,0.0,0.0,0.0,0.0,0.0,0.0,0.0,0.0,0.0,0.0,0.0,0.0,0.0,0.0,0.0,0.0,0.0],"nxyz":[0.0,0.0,-1.0,0.0,0.0,-1.0,0.0,0.0,-1.0,0.0,0.0,-1.0,0.0,0.0,-1.0,0.0,0.0,-1.0,0.0,0.0,-1.0,0.0,0.0,-1.0,0.0,0.0,-1.0,0.0,0.0,-1.0,0.0,0.0,-1.0,0.0,0.0,-1.0,0.0,0.0,-1.0,0.0,0.0,-1.0,0.0,0.0,-1.0,0.0,0.0,-1.0,0.0,0.0,-1.0,0.0,0.0,-1.0,0.0,0.0,-1.0,0.0,0.0,-1.0,0.0,0.0,-1.0,0.0,0.0,-1.0,0.0,0.0,-1.0,0.0,0.0,-1.0,0.0,0.0,-1.0,0.0,0.0,-1.0,0.0,0.0,-1.0,0.0,0.0,-1.0,0.0,0.0,-1.0,0.0,0.0,-1.0,0.0,0.0,-1.0,0.0,0.0,-1.0,0.0,0.0,-1.0],"bxyz":[0.0,0.0,0.0,0.0,0.0,0.0,0.0,0.0,0.0,0.0,0.0,0.0,0.0,0.0,0.0,0.0,-0.0,0.0,0.0,-0.0,0.0,0.0,0.0,0.0,0.0,-0.0,0.0,0.0,0.0,0.0,0.0,0.0,0.0,0.0,0.0,0.0,0.0,0.0,0.0,0.0,0.0,0.0,0.0,0.0,0.0,0.0,0.0,0.0,0.0,0.0,0.0,-0.0,0.0,0.0,0.0,0.0,0.0,-0.0,0.0,0.0,0.0,0.0,0.0,-0.0,0.0,0.0,0.0,0.0,0.0,0.0,-0.0,0.0,-0.0,0.0,0.0,0.0,0.0,0.0,0.0,-0.0,0.0,-0.0,0.0,0.0,0.0,0.0,0.0,0.0,-0.0,0.0,-0.0,0.0,0.0,0.0,0.0,0.0,0.0,-0.0,0.0],"txyz":[0.0,0.0,0.0,0.0,0.0,0.0,0.0,0.0,0.0,0.0,-0.0,0.0,0.0,-0.0,0.0,0.0,0.0,0.0,0.0,0.0,0.0,0.0,-0.0,0.0,0.0,0.0,0.0,0.0,-0.0,0.0,0.0,0.0,0.0,0.0,-0.0,0.0,-0.0,0.0,0.0,0.0,-0.0,0.0,-0.0,0.0,0.0,0.0,-0.0,0.0,-0.0,0.0,0.0,0.0,0.0,0.0,-0.0,0.0,0.0,0.0,0.0,0.0,-0.0,0.0,0.0,0.0,0.0,0.0,-0.0,0.0,0.0,0.0,0.0,0.0,0.0,0.0,0.0,-0.0,0.0,0.0,0.0,0.0,0.0,0.0,0.0,0.0,-0.0,0.0,0.0,0.0,0.0,0.0,0.0,0.0,0.0,0.0,-0.0,0.0,0.0,0.0,0.0],"idx":[0,1,2,3,4,2,5,6,2,7,3,2,8,5,2,9,7,2,10,8,2,11,9,2,12,10,2,13,11,2,14,12,2,15,13,2,16,14,2,17,15,2,18,16,2,19,17,2,20,18,2,21,19,2,22,20,2,23,0,2,24,21,2,25,22,2,26,23,2,27,24,2,28,25,2,29,26,2,30,27,2,31,28,2,32,29,2,1,30,2,4,31,2,6,32,2]}
