{"xyz":[-0.92388,0.382683,0.0,-0.83147,0.55557,0.0,0.0,0.0,0.0,0.707107,-0.707107,0.0,0.55557,-0.83147,0.0,0.0,0.0,0.0,-0.980785,0.19509,0.0,-0.92388,0.382683,0.0,0.0,0.0,0.0,0.83147,-0.55557,0.0,0.707107,-0.707107,0.0,0.0,0.0,0.0,-1.0,0.0,0.0,-0.980785,0.19509,0.0,0.0,0.0,0.0,0.92388,-0.382683,0.0,0.83147,-0.55557,0.0,0.0,0.0,0.0,-0.980785,-0.19509,0.0,0.980785,-0.19509,0.0,0.92388,-0.382683,0.0,0.0,0.0,0.0,-0.92388,-0.382683,0.0,-0.980785,-0.19509,0.0,0.0,0.0,0.0,1.0,0.0,0.0,0.980785,-0.19509,0.0,-0.83147,-0.55557,0.0,-0.92388,-0.382683,0.0,0.980785,0.19509,0.0,-0.707107,-0.707107,0.0,0.92388,0.382683,0.0,0.980785,0.19509,0.0,0.0,0.0,0.0,-0.55557,-0.83147,0.0,0.83147,0.55557,0.0,0.92388,0.382683,0.0,0.0,0.0,0.0,-0.382683,-0.92388,0.0,-0.19509,0.980785,0.0,0.0,1.0,0.0,0.707107,0.707107,0.0,0.83147,0.55557,0.0,0.0,0.0,0.0,-0.19509,-0.980785,0.0,-0.382683,-0.92388,0.0,0.0,0.0,0.0,-0.382683,0.92388,0.0,-0.19509,0.980785,0.0,0.0,0.0,0.0,0.55557,0.83147,0.0,0.707107,0.707107,0.0,0.0,0.0,0.0,0.0,-1.0,0.0,-0.19509,-0.980785,0.0,-0.55557,0.83147,0.0,-0.382683,0.92388,0.0,0.0,0.0,0.0,0.382683,0.92388,0.0,0.55557,0.83147,0.0,0.0,0.0,0.0,0.19509,-0.980785,0.0,-0.707107,0.707107,0.0,-0.55557,0.83147,0.0,0.0,0.0,0.0,0.19509,0.980785,0.0,0.382683,0.92388,0.0,0.0,0.0,0.0,0.382683,-0.92388,0.0,0.19509,-0.980785,0.0,0.0,0.0,0.0,-0.83147,0.55557,0.0,-0.707107,0.707107,0.0,0.0,0.0,0.0,0.19509,0.980785,0.0,0.55557,-0.83147,0.0,0.382683,-0.92388,0.0,0.0,0.0,0.0],"uv":[0.03806,0.691342,0.084265,0.777785,0.5,0.5,0.853553,0.146447,0.777785,0.084265,0.5,0.5,0.009607,0.597545,0.03806,0.691342,0.5,0.5,0.915735,0.222215,0.853553,0.146447,0.5,0.5,0.0,0.5,0.009607,0.597545,0.5,0.5,0.96194,0.308658,0.915735,0.222215,0.5,0.5,0.009607,0.402455,0.990393,0.402455,0.96194,0.308658,0.5,0.5,0.03806,0.308658,0.009607,0.402455,0.5,0.5,1.0,0.5,0.990393,0.402455,0.084265,0.222215,0.03806,0.308658,0.990393,0.597545,0.146447,0.146447,0.96194,0.691342,0.990393,0.597545,0.5,0.5,0.222215,0.084265,0.915735,0.777785,0.96194,0.691342,0.5,0.5,0.308658,0.03806,0.402455,0.990393,0.5,1.0,0.853553,0.853553,0.915735,0.777785,0.5,0.5,0.402455,0.009607,0.308658,0.03806,0.5,0.5,0.308658,0.96194,0.402455,0.990393,0.5,0.5,0.777785,0.915735,0.853553,0.853553,0.5,0.5,0.5,0.0,0.402455,0.009607,0.222215,0.915735,0.308658,0.96194,0.5,0.5,0.691342,0.96194,0.777785,0.915735,0.5,0.5,0.597545,0.009607,0.146447,0.853553,0.222215,0.915735,0.5,0.5,0.597545,0.990393,0.691342,0.96194,0.5,0.5,0.691342,0.03806,0.597545,0.009607,0.5,0.5,0.084265,0.777785,0.146447,0.853553,0.5,0.5,0.597545,0.990393,0.777785,0.084265,0.691342,0.03806,0.5,0.5],"nxyz":[0.0,0.0,-1.0,0.0,0.0,-1.0,0.0,0.0,-1.0,0.0,0.0,-1.0,0.0,0.0,-1.0,0.0,0.0,-1.0,0.0,0.0,-1.0,0.0,0.0,-1.0,0.0,0.0,-1.0,0.0,0.0,-1.0,0.0,0.0,-1.0,0.0,0.0,-1.0,0.0,0.0,-1.0,0.0,0.0,-1.0,0.0,0.0,-1.0,0.0,0.0,-1.0,0.0,0.0,-1.0,0.0,0.0,-1.0,0.0,0.0,-1.0,0.0,0.0,-1.0,0.0,0.0,-1.0,0.0,0.0,-1.0,0.0,0.0,-1.0,0.0,0.0,-1.0,0.0,0.0,-1.0,0.0,0.0,-1.0,0.0,0.0,-1.0,0.0,0.0,-1.0,0.0,0.0,-1.0,0.0,0.0,-1.0,0.0,0.0,-1.0,0.0,0.0,-1.0,0.0,0.0,-1.0,0.0,0.0,-1.0,0.0,0.0,-1.0,0.0,0.0,-1.0,0.0,0.0,-1.0,0.0,0.0,-1.0,0.0,0.0,-1.0,0.0,0.0,-1.0,0.0,0.0,-1.0,0.0,0.0,-1.0,0.0,0.0,-1.0,0.0,0.0,-1.0,0.0,0.0,-1.0,0.0,0.0,-1.0,0.0,0.0,-1.0,0.0,0.0,-1.0,0.0,0.0,-1.0,0.0,0.0,-1.0,0.0,0.0,-1.0,0.0,0.0,-1.0,0.0,0.0,-1.0,0.0,0.0,-1.0,0.0,0.0,-1.0,0.0,0.0,-1.0,0.0,0.0,-1.0,0.0,0.0,-1.0,0.0,0.0,-1.0,0.0,0.0,-1.0,0.0,0.0,-1.0,0.0,0.0,-1.0,0.0,0.0,-1.0,0.0,0.0,-1.0,0.0,0.0,-1.0,0.0,0.0,-1.0,0.0,0.0,-1.0,0.0,0.0,-1.0,0.0,0.0,-1.0,0.0,0.0,-1.0,0.0,0.0,-1.0,0.0,0.0,-1.0,0.0,0.0,-1.0,0.0,0.0,-1.0,0.0,0.0,-1.0,0.0,0.0,-1.0,0.0,0.0,-1.0,0.0,0.0,-1.0],"bxyz":[-0.0,1.0,-0.0,-0.0,1.0,-0.0,-0.0,1.0,-0.0,-0.0,1.0,-0.0,-0.0,1.0,-0.0,-0.0,1.0,-0.0,-0.0,1.0,-0.0,-0.0,1.0,-0.0,-0.0,1.0,-0.0,0.0,1.0,-0.0,0.0,1.0,-0.0,0.0,1.0,-0.0,-0.0,1.0,-0.0,-0.0,1.0,-0.0,-0.0,1.0,-0.0,-0.0,1.0,-0.0,-0.0,1.0,-0.0,-0.0,1.0,-0.0,-0.0,1.0,0.0,-0.0,1.0,-0.0,-0.0,1.0,-0.0,-0.0,1.0,-0.0,-0.0,1.0,0.0,-0.0,1.0,0.0,-0.0,1.0,0.0,-0.0,1.0,-0.0,-0.0,1.0,-0.0,-0.0,1.0,0.0,-0.0,1.0,0.0,-0.0,1.0,-0.0,-0.0,1.0,0.0,-0.0,1.0,-0.0,-0.0,1.0,-0.0,-0.0,1.0,-0.0,-0.0,1.0,0.0,0.0,1.0,-0.0,0.0,1.0,-0.0,0.0,1.0,-0.0,-0.0,1.0,0.0,-0.0,1.0,-0.0,-0.0,1.0,-0.0,-0.0,1.0,-0.0,-0.0,1.0,-0.0,-0.0,1.0,-0.0,0.0,1.0,0.0,0.0,1.0,0.0,0.0,1.0,0.0,-0.0,1.0,-0.0,-0.0,1.0,-0.0,-0.0,1.0,-0.0,0.0,1.0,-0.0,0.0,1.0,-0.0,0.0,1.0,-0.0,-0.0,1.0,0.0,-0.0,1.0,0.0,-0.0,1.0,-0.0,-0.0,1.0,-0.0,-0.0,1.0,-0.0,-0.0,1.0,-0.0,-0.0,1.0,-0.0,-0.0,1.0,-0.0,-0.0,1.0,-0.0,-0.0,1.0,-0.0,-0.0,1.0,-0.0,-0.0,1.0,-0.0,0.0,1.0,-0.0,0.0,1.0,-0.0,0.0,1.0,-0.0,-0.0,1.0,-0.0,-0.0,1.0,-0.0,-0.0,1.0,-0.0,-0.0,1.0,-0.0,-0.0,1.0,-0.0,-0.0,1.0,-0.0,-0.0,1.0,-0.0,0.0,1.0,-0.0,0.0,1.0,-0.0,0.0,1.0,-0.0],"txyz":[1.0,0.0,0.0,1.0,0.0,0.0,1.0,0.0,0.0,1.0,-0.0,-0.0,1.0,-0.0,-0.0,1.0,-0.0,-0.0,1.0,-0.0,0.0,1.0,-0.0,0.0,1.0,-0.0,0.0,1.0,-0.0,-0.0,1.0,-0.0,-0.0,1.0,-0.0,-0.0,1.0,-0.0,-0.0,1.0,-0.0,-0.0,1.0,-0.0,-0.0,1.0,-0.0,-0.0,1.0,-0.0,-0.0,1.0,-0.0,-0.0,1.0,-0.0,-0.0,1.0,-0.0,-0.0,1.0,-0.0,-0.0,1.0,-0.0,-0.0,1.0,0.0,-0.0,1.0,0.0,-0.0,1.0,0.0,-0.0,1.0,-0.0,-0.0,1.0,-0.0,-0.0,1.0,-0.0,-0.0,1.0,-0.0,-0.0,1.0,-0.0,-0.0,1.0,-0.0,-0.0,1.0,0.0,-0.0,1.0,0.0,-0.0,1.0,0.0,-0.0,1.0,-0.0,-0.0,1.0,-0.0,-0.0,1.0,-0.0,-0.0,1.0,-0.0,-0.0,1.0,-0.0,-0.0,1.0,-0.0,0.0,1.0,-0.0,0.0,1.0,0.0,-0.0,1.0,0.0,-0.0,1.0,0.0,-0.0,1.0,-0.0,-0.0,1.0,-0.0,-0.0,1.0,-0.0,-0.0,1.0,-0.0,0.0,1.0,-0.0,0.0,1.0,-0.0,0.0,1.0,-0.0,-0.0,1.0,-0.0,-0.0,1.0,-0.0,-0.0,1.0,-0.0,-0.0,1.0,-0.0,-0.0,1.0,-0.0,0.0,1.0,-0.0,0.0,1.0,-0.0,0.0,1.0,0.0,-0.0,1.0,0.0,-0.0,1.0,0.0,-0.0,1.0,-0.0,-0.0,1.0,0.0,0.0,1.0,0.0,0.0,1.0,0.0,0.0,1.0,-0.0,-0.0,1.0,-0.0,-0.0,1.0,-0.0,-0.0,1.0,-0.0,-0.0,1.0,-0.0,-0.0,1.0,-0.0,-0.0,1.0,-0.0,0.0,1.0,-0.0,0.0,1.0,-0.0,0.0,1.0,-0.0,-0.0,1.0,-0.0,-0.0,1.0,-0.0,-0.0,1.0,-0.0,-0.0],"idx":[0,1,2,3,4,5,6,7,8,9,10,11,12,13,14,15,16,17,18,12,14,19,20,21,22,23,24,25,26,14,27,28,14,29,25,14,30,27,14,31,32,33,34,30,14,35,36,37,38,34,14,39,40,14,41,42,43,44,45,46,47,48,49,50,51,52,53,54,14,55,56,57,58,59,60,61,53,14,62,63,64,65,66,67,68,69,70,71,72,73,40,74,14,75,76,77]}
