{"xyz":[0.0,1.0,-1.0,0.0,0.0,1.0,0.19509,0.980785,-1.0,0.19509,0.980785,-1.0,0.0,0.0,1.0,0.382683,0.92388,-1.0,0.382683,0.92388,-1.0,0.0,0.0,1.0,0.55557,0.83147,-1.0,0.55557,0.83147,-1.0,0.0,0.0,1.0,0.707107,0.707107,-1.0,0.707107,0.707107,-1.0,0.0,0.0,1.0,0.83147,0.55557,-1.0,0.83147,0.55557,-1.0,0.0,0.0,1.0,0.92388,0.382683,-1.0,0.92388,0.382683,-1.0,0.0,0.0,1.0,0.980785,0.19509,-1.0,0.980785,0.19509,-1.0,0.0,0.0,1.0,1.0,0.0,-1.0,1.0,0.0,-1.0,0.0,0.0,1.0,0.980785,-0.19509,-1.0,0.980785,-0.19509,-1.0,0.0,0.0,1.0,0.92388,-0.382683,-1.0,0.92388,-0.382683,-1.0,0.0,0.0,1.0,0.83147,-0.55557,-1.0,0.83147,-0.55557,-1.0,0.0,0.0,1.0,0.707107,-0.707107,-1.0,0.707107,-0.707107,-1.0,0.0,0.0,1.0,0.55557,-0.83147,-1.0,0.55557,-0.83147,-1.0,0.0,0.0,1.0,0.382683,-0.92388,-1.0,0.382683,-0.92388,-1.0,0.0,0.0,1.0,0.19509,-0.980785,-1.0,0.19509,-0.980785,-1.0,0.0,0.0,1.0,0.0,-1.0,-1.0,0.0,-1.0,-1.0,0.0,0.0,1.0,-0.19509,-0.980785,-1.0,-0.19509,-0.980785,-1.0,0.0,0.0,1.0,-0.382683,-0.92388,-1.0,-0.382683,-0.92388,-1.0,0.0,0.0,1.0,-0.55557,-0.83147,-1.0,-0.55557,-0.83147,-1.0,0.0,0.0,1.0,-0.707107,-0.707107,-1.0,-0.707107,-0.707107,-1.0,0.0,0.0,1.0,-0.83147,-0.55557,-1.0,-0.83147,-0.55557,-1.0,0.0,0.0,1.0,-0.92388,-0.382683,-1.0,-0.92388,-0.382683,-1.0,0.0,0.0,1.0,-0.980785,-0.19509,-1.0,-0.980785,-0.19509,-1.0,0.0,0.0,1.0,-1.0,0.0,-1.0,-1.0,0.0,-1.0,0.0,0.0,1.0,-0.980785,0.19509,-1.0,-0.980785,0.19509,-1.0,0.0,0.0,1.0,-0.92388,0.382683,-1.0,-0.92388,0.382683,-1.0,0.0,0.0,1.0,-0.83147,0.55557,-1.0,-0.83147,0.55557,-1.0,0.0,0.0,1.0,-0.707107,0.707107,-1.0,-0.707107,0.707107,-1.0,0.0,0.0,1.0,-0.55557,0.83147,-1.0,-0.55557,0.83147,-1.0,0.0,0.0,1.0,-0.382683,0.92388,-1.0,0.382683,-0.92388,-1.0,0.19509,-0.980785,-1.0,0.0,0.0,-1.0,-0.382683,0.92388,-1.0,0.0,0.0,1.0,-0.19509,0.980785,-1.0,-0.19509,0.980785,-1.0,0.0,0.0,1.0,0.0,1.0,-1.0,0.19509,0.980785,-1.0,0.382683,0.92388,-1.0,-0.707107,0.707107,-1.0,-0.55557,0.83147,-1.0,0.0,-1.0,-1.0,0.55557,0.83147,-1.0,-0.382683,0.92388,-1.0,-0.19509,-0.980785,-1.0,0.707107,0.707107,-1.0,-0.19509,0.980785,-1.0,-0.382683,-0.92388,-1.0,0.83147,0.55557,-1.0,0.0,1.0,-1.0,-0.55557,-0.83147,-1.0,0.92388,0.382683,-1.0,-0.707107,-0.707107,-1.0,0.980785,0.19509,-1.0,-0.83147,-0.55557,-1.0,1.0,0.0,-1.0,-0.92388,-0.382683,-1.0,0.980785,-0.19509,-1.0,-0.980785,-0.19509,-1.0,0.92388,-0.382683,-1.0,-1.0,0.0,-1.0,0.83147,-0.55557,-1.0,-0.980785,0.19509,-1.0,0.707107,-0.707107,-1.0,-0.92388,0.382683,-1.0,0.55557,-0.83147,-1.0,-0.83147,0.55557,-1.0],"uv":[0.25,0.49,0.25,0.25,0.296822,0.485388,0.296822,0.485388,0.25,0.25,0.341844,0.471731,0.341844,0.471731,0.25,0.25,0.383337,0.449553,0.383337,0.449553,0.25,0.25,0.419706,0.419706,0.419706,0.419706,0.25,0.25,0.449553,0.383337,0.449553,0.383337,0.25,0.25,0.471731,0.341844,0.471731,0.341844,0.25,0.25,0.485388,0.296822,0.485388,0.296822,0.25,0.25,0.49,0.25,0.49,0.25,0.25,0.25,0.485388,0.203178,0.485388,0.203178,0.25,0.25,0.471731,0.158156,0.471731,0.158156,0.25,0.25,0.449553,0.116663,0.449553,0.116663,0.25,0.25,0.419706,0.080294,0.419706,0.080294,0.25,0.25,0.383337,0.050447,0.383337,0.050447,0.25,0.25,0.341844,0.028269,0.341844,0.028269,0.25,0.25,0.296822,0.014612,0.296822,0.014612,0.25,0.25,0.25,0.01,0.25,0.01,0.25,0.25,0.203178,0.014612,0.203178,0.014612,0.25,0.25,0.158156,0.028269,0.158156,0.028269,0.25,0.25,0.116663,0.050447,0.116663,0.050447,0.25,0.25,0.080294,0.080294,0.080294,0.080294,0.25,0.25,0.050447,0.116663,0.050447,0.116663,0.25,0.25,0.028269,0.158156,0.028269,0.158156,0.25,0.25,0.014612,0.203178,0.014612,0.203178,0.25,0.25,0.01,0.25,0.01,0.25,0.25,0.25,0.014612,0.296822,0.014612,0.296822,0.25,0.25,0.028269,0.341844,0.028269,0.341844,0.25,0.25,0.050447,0.383337,0.050447,0.383337,0.25,0.25,0.080294,0.419706,0.080294,0.419706,0.25,0.25,0.116663,0.449553,0.116663,0.449553,0.25,0.25,0.158156,0.471731,0.0,0.0,0.0,0.0,0.0,0.0,0.158156,0.471731,0.25,0.25,0.203178,0.485388,0.203178,0.485388,0.25,0.25,0.25,0.49,0.0,0.0,0.0,0.0,0.0,0.0,0.0,0.0,0.0,0.0,0.0,0.0,0.0,0.0,0.0,0.0,0.0,0.0,0.0,0.0,0.0,0.0,0.0,0.0,0.0,0.0,0.0,0.0,0.0,0.0,0.0,0.0,0.0,0.0,0.0,0.0,0.0,0.0,0.0,0.0,0.0,0.0,0.0,0.0,0.0,0.0,0.0,0.0,0.0,0.0,0.0,0.0,0.0,0.0,0.0,0.0,0.0,0.0,0.0,0.0],"nxyz":[0.0,0.894427,0.447214,0.0,-0.0,1.0,0.174494,0.877241,0.447214,0.174494,0.877241,0.447214,0.0,-0.0,1.0,0.342282,0.826343,0.447214,0.342282,0.826343,0.447214,0.0,-0.0,1.0,0.496917,0.743689,0.447214,0.496917,0.743689,0.447214,0.0,-0.0,1.0,0.632456,0.632456,0.447214,0.632456,0.632456,0.447214,0.0,-0.0,1.0,0.743689,0.496917,0.447214,0.743689,0.496917,0.447214,0.0,-0.0,1.0,0.826343,0.342282,0.447214,0.826343,0.342282,0.447214,0.0,-0.0,1.0,0.877241,0.174494,0.447214,0.877241,0.174494,0.447214,0.0,-0.0,1.0,0.894427,0.0,0.447214,0.894427,0.0,0.447214,0.0,-0.0,1.0,0.877241,-0.174494,0.447214,0.877241,-0.174494,0.447214,0.0,-0.0,1.0,0.826343,-0.342282,0.447214,0.826343,-0.342282,0.447214,0.0,-0.0,1.0,0.743689,-0.496917,0.447214,0.743689,-0.496917,0.447214,0.0,-0.0,1.0,0.632456,-0.632456,0.447214,0.632456,-0.632456,0.447214,0.0,-0.0,1.0,0.496917,-0.743689,0.447214,0.496917,-0.743689,0.447214,0.0,-0.0,1.0,0.342282,-0.826343,0.447214,0.342282,-0.826343,0.447214,0.0,-0.0,1.0,0.174494,-0.877241,0.447214,0.174494,-0.877241,0.447214,0.0,-0.0,1.0,0.0,-0.894427,0.447214,0.0,-0.894427,0.447214,0.0,-0.0,1.0,-0.174494,-0.877241,0.447214,-0.174494,-0.877241,0.447214,0.0,-0.0,1.0,-0.342282,-0.826343,0.447214,-0.342282,-0.826343,0.447214,0.0,-0.0,1.0,-0.496917,-0.743689,0.447214,-0.496917,-0.743689,0.447214,0.0,-0.0,1.0,-0.632456,-0.632456,0.447214,-0.632456,-0.632456,0.447214,0.0,-0.0,1.0,-0.743689,-0.496917,0.447214,-0.743689,-0.496917,0.447214,0.0,-0.0,1.0,-0.826343,-0.342282,0.447214,-0.826343,-0.342282,0.447214,0.0,-0.0,1.0,-0.877241,-0.174494,0.447214,-0.877241,-0.174494,0.447214,0.0,-0.0,1.0,-0.894427,0.0,0.447214,-0.894427,0.0,0.447214,0.0,-0.0,1.0,-0.877241,0.174494,0.447214,-0.877241,0.174494,0.447214,0.0,-0.0,1.0,-0.826343,0.342282,0.447214,-0.826343,0.342282,0.447214,0.0,-0.0,1.0,-0.743689,0.496917,0.447214,-0.743689,0.496917,0.447214,0.0,-0.0,1.0,-0.632456,0.632456,0.447214,-0.632456,0.632456,0.447214,0.0,-0.0,1.0,-0.496917,0.743689,0.447214,-0.496917,0.743689,0.447214,0.0,-0.0,1.0,-0.342282,0.826343,0.447214,0.0,0.0,-1.0,0.0,0.0,-1.0,0.0,0.0,-1.0,-0.342282,0.826343,0.447214,0.0,-0.0,1.0,-0.174494,0.877241,0.447214,-0.174494,0.877241,0.447214,0.0,-0.0,1.0,0.0,0.894427,0.447214,0.0,0.0,-1.0,0.0,0.0,-1.0,0.0,0.0,-1.0,0.0,0.0,-1.0,0.0,0.0,-1.0,0.0,0.0,-1.0,0.0,0.0,-1.0,0.0,0.0,-1.0,0.0,0.0,-1.0,0.0,0.0,-1.0,0.0,0.0,-1.0,0.0,0.0,-1.0,0.0,0.0,-1.0,0.0,0.0,-1.0,0.0,0.0,-1.0,0.0,0.0,-1.0,0.0,0.0,-1.0,0.0,0.0,-1.0,0.0,0.0,-1.0,0.0,0.0,-1.0,0.0,0.0,-1.0,0.0,0.0,-1.0,0.0,0.0,-1.0,0.0,0.0,-1.0,0.0,0.0,-1.0,0.0,0.0,-1.0,0.0,0.0,-1.0,0.0,0.0,-1.0,0.0,0.0,-1.0,0.0,0.0,-1.0],