{"xyz": [-1.0, 1.0, 1.0, 1.0, -1.0, 1.0, 1.0, 1.0, 1.0, 1.0, -1.0, 1.0, -1.0, -1.0, -1.0, 1.0, -1.0, -1.0, -1.0, -1.0, 1.0, -1.0, 1.0, -1.0, -1.0, -1.0, -1.0, 1.0, 1.0, -1.0, -1.0, -1.0, -1.0, -1.0, 1.0, -1.0, 1.0, 1.0, 1.0, 1.0, -1.0, -1.0, 1.0, 1.0, -1.0, -1.0, 1.0, 1.0, 1.0, 1.0, -1.0, -1.0, 1.0, -1.0, -1.0, -1.0, 1.0, -1.0, -1.0, 1.0, -1.0, 1.0, 1.0, 1.0, -1.0, -1.0, 1.0, -1.0, 1.0, 1.0, 1.0, 1.0], "uv": [0.875, 0.5, 0.625, 0.75, 0.625, 0.5, 0.625, 0.75, 0.375, 1.0, 0.375, 0.75, 0.625, 0.0, 0.375, 0.25, 0.375, 0.0, 0.375, 0.5, 0.125, 0.75, 0.125, 0.5, 0.625, 0.5, 0.375, 0.75, 0.375, 0.5, 0.625, 0.25, 0.375, 0.5, 0.375, 0.25, 0.875, 0.75, 0.625, 1.0, 0.625, 0.25, 0.375, 0.75, 0.625, 0.75, 0.625, 0.5], "nxyz": [-0.5773503184318542, 0.5773503184318542, 0.5773503184318542, 0.5773503184318542, -0.5773503184318542, 0.5773503184318542, 0.5773503184318542, 0.5773503184318542, 0.5773503184318542, 0.5773503184318542, -0.5773503184318542, 0.5773503184318542, -0.5773503184318542, -0.5773503184318542, -0.5773503184318542, 0.5773503184318542, -0.5773503184318542, -0.5773503184318542, -0.5773503184318542, -0.5773503184318542, 0.5773503184318542, -0.5773503184318542, 0.5773503184318542, -0.5773503184318542, -0.5773503184318542, -0.5773503184318542, -0.5773503184318542, 0.5773503184318542, 0.5773503184318542, -0.5773503184318542, -0.5773503184318542, -0.5773503184318542, -0.5773503184318542, -0.5773503184318542, 0.5773503184318542, -0.5773503184318542, 0.5773503184318542, 0.5773503184318542, 0.5773503184318542, 0.5773503184318542, -0.5773503184318542, -0.5773503184318542, 0.5773503184318542, 0.5773503184318542, -0.5773503184318542, -0.5773503184318542, 0.5773503184318542, 0.5773503184318542, 0.5773503184318542, 0.5773503184318542, -0.5773503184318542, -0.5773503184318542, 0.5773503184318542, -0.5773503184318542, -0.5773503184318542, -0.5773503184318542, 0.5773503184318542, -0.5773503184318542, -0.5773503184318542, 0.5773503184318542, -0.5773503184318542, 0.5773503184318542, 0.5773503184318542, 0.5773503184318542, -0.5773503184318542, -0.5773503184318542, 0.5773503184318542, -0.5773503184318542, 0.5773503184318542, 0.5773503184318542, 0.5773503184318542, 0.5773503184318542], "bxyz": [0.0, -1.0, 0.0, 0.0, -1.0, 0.0, 0.0, -1.0, 0.0, -1.0, 0.0, 0.0, -1.0, 0.0, 0.0, -1.0, 0.0, 0.0, 0.0, 1.0, 0.0, 0.0, 1.0, 0.0, 0.0, 1.0, 0.0, 0.0, -1.0, 0.0, 0.0, -1.0, 0.0, 0.0, -1.0, 0.0, 0.0, -1.0, 0.0, 0.0, -1.0, 0.0, 0.0, -1.0, 0.0, 1.0, 0.0, 0.0, 1.0, 0.0, 0.0, 1.0, 0.0, 0.0, 0.0, -1.0, 0.0, -1.0, 0.0, 0.0, 0.0, 1.0, 0.0, 0.0, -1.0, 0.0, 0.0, -1.0, 0.0, 1.0, 0.0, 0.0], "txyz": [-1.0, -0.0, 0.0, -1.0, -0.0, 0.0, -1.0, -0.0, 0.0, -0.0, 0.0, 1.0, -0.0, 0.0, 1.0, -0.0, 0.0, 1.0, 0.0, 0.0, 1.0, 0.0, 0.0, 1.0, 0.0, 0.0, 1.0, 1.0, -0.0, 0.0, 1.0, -0.0, 0.0, 1.0, -0.0, 0.0, 0.0, -0.0, 1.0, 0.0, -0.0, 1.0, 0.0, -0.0, 1.0, 0.0, 0.0, 1.0, 0.0, 0.0, 1.0, 0.0, 0.0, 1.0, -1.0, 0.0, 0.0, 0.0, 0.0, 1.0, 0.0, 0.0, 1.0, 1.0, 0.0, 0.0, 0.0, 0.0, 1.0, 0.0, 0.0, 1.0], "idx": [0, 1, 2, 3, 4, 5, 6, 7, 8, 9, 10, 11, 12, 13, 14, 15, 16, 17, 0, 18, 1, 3, 19, 4, 6, 20, 7, 9, 21, 10, 12, 22, 13, 15, 23, 16]}