{
    "xyz": [
        -1.0,
        1.0,
        1.0,
        1.0,
        -1.0,
        1.0,
        1.0,
        1.0,
        1.0,
        1.0,
        -1.0,
        1.0,
        -1.0,
        -1.0,
        -1.0,
        1.0,
        -1.0,
        -1.0,
        -1.0,
        -1.0,
        1.0,
        -1.0,
        1.0,
        -1.0,
        -1.0,
        -1.0,
        -1.0,
        1.0,
        1.0,
        -1.0,
        -1.0,
        -1.0,
        -1.0,
        -1.0,
        1.0,
        -1.0,
        1.0,
        1.0,
        1.0,
        1.0,
        -1.0,
        -1.0,
        1.0,
        1.0,
        -1.0,
        -1.0,
        1.0,
        1.0,
        1.0,
        1.0,
        -1.0,
        -1.0,
        1.0,
        -1.0,
        -1.0,
        -1.0,
        1.0,
        -1.0,
        -1.0,
        1.0,
        -1.0,
        1.0,
        1.0,
        1.0,
        1.0,
        -1.0,
        1.0,
        -1.0,
        -1.0,
        -1.0,
        -1.0,
        -1.0,
        1.0,
        -1.0,
        1.0,
        1.0,
        1.0,
        1.0
    ],
    "uv": [
        0.0,
        0.333333,
        0.333333,
        0.0,
        0.333333,
        0.333333,
        0.0,
        0.333333,
        0.333333,
        0.666667,
        0.0,
        0.666667,
        0.333333,
        0.333333,
        0.666667,
        -0.0,
        0.666667,
        0.333333,
        0.666667,
        0.666667,
        0.333333,
        0.333333,
        0.666667,
        0.333333,
        0.0,
        0.666667,
        0.333333,
        1.0,
        0.0,
        1.0,
        0.333333,
        0.666667,
        0.666667,
        1.0,
        0.333333,
        1.0,
        0.0,
        0.0,
        0.333333,
        0.333333,
        0.333333,
        0.0,
        0.666667,
        0.666667,
        0.333333,
        0.666667,
        0.333333,
        0.333333,
        0.333333,
        0.666667,
        0.666667,
        0.666667
    ],
    "nxyz": [
        -0.57735,
        0.57735,
        0.57735,
        0.57735,
        -0.57735,
        0.57735,
        0.57735,
        0.57735,
        0.57735,
        0.57735,
        -0.57735,
        0.57735,
        -0.57735,
        -0.57735,
        -0.57735,
        0.57735,
        -0.57735,
        -0.57735,
        -0.57735,
        -0.57735,
        0.57735,
        -0.57735,
        0.57735,
        -0.57735,
        -0.57735,
        -0.57735,
        -0.57735,
        0.57735,
        0.57735,
        -0.57735,
        -0.57735,
        -0.57735,
        -0.57735,
        -0.57735,
        0.57735,
        -0.57735,
        0.57735,
        0.57735,
        0.57735,
        0.57735,
        -0.57735,
        -0.57735,
        0.57735,
        0.57735,
        -0.57735,
        -0.57735,
        0.57735,
        0.57735,
        0.57735,
        0.57735,
        -0.57735,
        -0.57735,
        0.57735,
        -0.57735,
        -0.57735,
        -0.57735,
        0.57735,
        -0.57735,
        -0.57735,
        0.57735,
        -0.57735,
        0.57735,
        0.57735,
        0.57735,
        0.57735,
        -0.57735,
        0.57735,
        -0.57735,
        -0.57735,
        -0.57735,
        -0.57735,
        -0.57735,
        0.57735,
        -0.57735,
        0.57735,
        0.57735,
        0.57735,
        0.57735
    ],
    "bxyz": [
        0.0,
        1.0,
        0.0,
        0.0,
        1.0,
        0.0,
        0.0,
        1.0,
        0.0,
        0.0,
        0.0,
        -1.0,
        0.0,
        0.0,
        -1.0,
        0.0,
        0.0,
        -1.0,
        0.0,
        -1.0,
        0.0,
        0.0,
        -1.0,
        0.0,
        0.0,
        -1.0,
        0.0,
        1.0,
        0.0,
        -0.0,
        1.0,
        0.0,
        -0.0,
        1.0,
        0.0,
        -0.0,
        0.0,
        0.0,
        -1.0,
        0.0,
        0.0,
        -1.0,
        0.0,
        0.0,
        -1.0,
        0.0,
        0.0,
        -1.0,
        0.0,
        0.0,
        -1.0,
        0.0,
        0.0,
        -1.0,
        0.0,
        1.0,
        0.0,
        0.0,
        0.0,
        -1.0,
        0.0,
        -1.0,
        -0.0,
        1.0,
        -0.0,
        0.0,
        1.0,
        -0.0,
        0.0,
        1.0,
        -0.0,
        0.0,
        0.0,
        0.0,
        -1.0,
        0.0,
        0.0,
        -1.0
    ],
    "txyz": [
        1.0,
        0.0,
        0.0,
        1.0,
        0.0,
        0.0,
        1.0,
        0.0,
        0.0,
        -1.0,
        0.0,
        0.0,
        -1.0,
        0.0,
        0.0,
        -1.0,
        0.0,
        0.0,
        0.0,
        0.0,
        -1.0,
        0.0,
        0.0,
        -1.0,
        0.0,
        0.0,
        -1.0,
        0.0,
        1.0,
        0.0,
        0.0,
        1.0,
        0.0,
        0.0,
        1.0,
        0.0,
        0.0,
        -1.0,
        0.0,
        0.0,
        -1.0,
        0.0,
        0.0,
        -1.0,
        0.0,
        1.0,
        0.0,
        0.0,
        1.0,
        0.0,
        0.0,
        1.0,
        0.0,
        0.0,
        1.0,
        0.0,
        0.0,
        -1.0,
        0.0,
        0.0,
        0.0,
        0.0,
        -1.0,
        0.0,
        1.0,
        -0.0,
        0.0,
        1.0,
        -0.0,
        0.0,
        1.0,
        -0.0,
        0.0,
        -1.0,
        0.0,
        1.0,
        0.0,
        0.0
    ],
    "idx": [
        0,
        1,
        2,
        3,
        4,
        5,
        6,
        7,
        8,
        9,
        10,
        11,
        12,
        13,
        14,
        15,
        16,
        17,
        0,
        18,
        1,
        3,
        19,
        4,
        6,
        20,
        7,
        21,
        22,
        23,
        12,
        24,
        13,
        15,
        25,
        16
    ]
}