{"xyz":[-0.7236,-0.52572,0.447215,0.0,0.0,1.0,0.276385,-0.85064,0.447215,0.276385,0.85064,0.447215,0.0,0.0,1.0,-0.7236,0.52572,0.447215,-0.7236,0.52572,0.447215,0.0,0.0,1.0,-0.7236,-0.52572,0.447215,0.894425,0.0,0.447215,0.276385,0.85064,0.447215,0.0,0.0,1.0,0.276385,-0.85064,0.447215,0.894425,0.0,0.447215,0.0,0.0,1.0,0.7236,-0.52572,-0.447215,0.894425,0.0,0.447215,0.276385,-0.85064,0.447215,-0.276385,-0.85064,-0.447215,0.7236,-0.52572,-0.447215,0.276385,-0.85064,0.447215,-0.276385,-0.85064,-0.447215,0.276385,-0.85064,0.447215,-0.7236,-0.52572,0.447215,-0.894425,0.0,-0.447215,-0.276385,-0.85064,-0.447215,-0.7236,-0.52572,0.447215,-0.894425,0.0,-0.447215,-0.7236,-0.52572,0.447215,-0.7236,0.52572,0.447215,-0.276385,0.85064,-0.447215,-0.7236,0.52572,0.447215,0.276385,0.85064,0.447215,0.7236,0.52572,-0.447215,-0.276385,0.85064,-0.447215,0.276385,0.85064,0.447215,-0.276385,0.85064,-0.447215,-0.894425,0.0,-0.447215,-0.7236,0.52572,0.447215,0.7236,0.52572,-0.447215,0.894425,0.0,0.447215,0.276385,0.85064,0.447215,0.7236,-0.52572,-0.447215,0.7236,0.52572,-0.447215,0.894425,0.0,0.447215,0.0,0.0,-1.0,-0.276385,-0.85064,-0.447215,0.7236,-0.52572,-0.447215,0.7236,-0.52572,-0.447215,0.0,0.0,-1.0,0.7236,0.52572,-0.447215,0.0,0.0,-1.0,0.7236,0.52572,-0.447215,-0.276385,0.85064,-0.447215,0.0,0.0,-1.0,-0.894425,0.0,-0.447215,-0.276385,0.85064,-0.447215,0.0,0.0,-1.0,-0.276385,-0.85064,-0.447215,-0.894425,0.0,-0.447215],"uv":[0.0,0.314921,0.09091,0.472382,0.181819,0.314921,0.545455,0.314921,0.636364,0.472382,0.727273,0.314921,0.727273,0.314921,0.818182,0.472382,0.909091,0.314921,0.363637,0.314921,0.545455,0.314921,0.454546,0.472382,0.181819,0.314921,0.363637,0.314921,0.272728,0.472382,0.272728,0.157461,0.363637,0.314921,0.181819,0.314921,0.09091,0.157461,0.272728,0.157461,0.181819,0.314921,0.09091,0.157461,0.181819,0.314921,0.0,0.314921,0.818182,0.157461,1.0,0.157461,0.909091,0.314921,0.818182,0.157461,0.909091,0.314921,0.727273,0.314921,0.636364,0.157461,0.727273,0.314921,0.545455,0.314921,0.454546,0.157461,0.636364,0.157461,0.545455,0.314921,0.636364,0.157461,0.818182,0.157461,0.727273,0.314921,0.454546,0.157461,0.363637,0.314921,0.545455,0.314921,0.272728,0.157461,0.454546,0.157461,0.363637,0.314921,0.181819,0.0,0.09091,0.157461,0.272728,0.157461,0.272728,0.157461,0.363637,0.0,0.454546,0.157461,0.545455,0.0,0.454546,0.157461,0.636364,0.157461,0.727273,0.0,0.818182,0.157461,0.636364,0.157461,0.909091,0.0,1.0,0.157461,0.818182,0.157461],"nxyz":[0.187597,0.577354,-0.794651,0.187597,0.577354,-0.794651,0.187597,0.577354,-0.794651,0.187597,-0.577354,-0.794651,0.187597,-0.577354,-0.794651,0.187597,-0.577354,-0.794651,0.607065,0.0,-0.794652,0.607065,0.0,-0.794652,0.607065,0.0,-0.794652,0.491122,0.356829,0.794652,0.491122,0.356829,0.794652,0.491122,0.356829,0.794652,0.491122,-0.356829,0.794652,0.491122,-0.356829,0.794652,0.491122,-0.356829,0.794652,0.794649,-0.577359,0.187587,0.794649,-0.577359,0.187587,0.794649,-0.577359,0.187587,0.303536,-0.934172,-0.187589,0.303536,-0.934171,-0.187589,0.303536,-0.934172,-0.187589,-0.303536,-0.934172,0.187589,-0.303536,-0.934172,0.187589,-0.303536,-0.934171,0.187589,-0.794649,-0.577359,-0.187587,-0.794649,-0.577359,-0.187587,-0.794649,-0.577359,-0.187587,-0.982246,0.0,0.187597,-0.982246,0.0,0.187597,-0.982246,0.0,0.187597,-0.303536,0.934172,0.187589,-0.303536,0.934171,0.187589,-0.303536,0.934172,0.187589,0.303536,0.934171,-0.187589,0.303536,0.934172,-0.187589,0.303536,0.934172,-0.187589,-0.794649,0.577359,-0.187587,-0.794649,0.577359,-0.187587,-0.794649,0.577359,-0.187587,-0.794649,-0.577359,-0.187587,-0.794649,-0.577359,-0.187587,-0.794649,-0.577359,-0.187587,0.982246,0.0,-0.187597,0.982246,0.0,-0.187597,0.982246,0.0,-0.187597,-0.187597,0.577354,0.794651,-0.187597,0.577354,0.794651,-0.187597,0.577354,0.794651,0.607065,0.0,-0.794652,0.607065,0.0,-0.794652,0.607065,0.0,-0.794652,-0.187597,-0.577354,0.794651,-0.187597,-0.577354,0.794651,-0.187597,-0.577354,0.794651,-0.491122,0.356829,-0.794652,-0.491122,0.356829,-0.794652,-0.491122,0.356829,-0.794652,-0.491122,-0.356829,-0.794652,-0.491122,-0.356829,-0.794652,-0.491122,-0.356829,-0.794652],"txyz":[0.951055,-0.309021,-0.0,0.951055,-0.309021,-0.0,-1.0,0.951055,-0.309021,-0.0,0.951055,-0.309021,-0.0,-1.0,0.951055,-0.309021,-0.0,0.951055,-0.309021,-0.0,-1.0,-0.951055,-0.309021,-0.0,-0.951055,-0.309021,-0.0,-1.0,-0.951055,-0.309021,-0.0,-0.951055,-0.309021,-0.0,-1.0,-0.951055,-0.309021,-0.0,-0.951055,-0.309021,-0.0,-1.0,-0.0,-1.0,-0.0,-0.0,-1.0,-0.0,-1.0,-0.0,-1.0,-0.0,-0.0,-1.0,-0.0,-1.0,-0.0,-1.0,-0.0,-0.0,-1.0,-0.0,-1.0,-0.587794,0.809011,0.0,-0.587794,0.809011,0.0,1.0,-0.587794,0.809011,0.0,-0.587794,0.809011,0.0,1.0,-0.587794,0.809011,0.0,-0.587794,0.809011,0.0,1.0,0.587794,0.809011,0.0,0.587794,0.809011,0.0,1.0,0.587794,0.809011,0.0,0.587794,0.809011,0.0,1.0,0.587794,0.809011,0.0,0.587794,0.809011,0.0,1.0,0.587794,0.809011,0.0,0.587794,0.809011,0.0,1.0,0.587794,0.809011,0.0,0.587794,0.809011,0.0,1.0,0.587794,0.809011,0.0,0.587794,0.809011,0.0,1.0,0.951055,0.309021,0.0,0.951055,0.309021,0.0,1.0,0.951055,0.309021,0.0,0.951055,0.309021,0.0,1.0,0.951055,0.309021,0.0,0.951055,0.309021,0.0,1.0,0.951055,-0.309021,0.0,0.951055,-0.309021,0.0,1.0,0.951055,-0.309021,0.0,0.951055,-0.309021,0.0,1.0,0.951055,-0.309021,0.0,0.951055,-0.309021,0.0,1.0,0.587794,-0.809011,0.0,0.587794,-0.809011,0.0,1.0,0.587794,-0.809011,0.0,0.587794,-0.809011,0.0,1.0,0.587794,-0.809011,0.0,0.587794,-0.809011,0.0,1.0,0.0,-1.0,0.0,0.0,-1.0,0.0,1.0,0.0,-1.0,0.0,0.0,-1.0,0.0,1.0,0.0,-1.0,0.0,0.0,-1.0,0.0,1.0,-0.951055,-0.309021,0.0,-0.951055,-0.309021,0.0,1.0,-0.951055,-0.309021,0.0,-0.951055,-0.309021,0.0,1.0,-0.951055,-0.309021,0.0,-0.951055,-0.309021,0.0,1.0,-0.951055,0.309021,0.0,-0.951055,0.309021,0.0,1.0,-0.951055,0.309021,0.0,-0.951055,0.309021,0.0,1.0,-0.951055,0.309021,0.0,-0.951055,0.309021,0.0,1.0,-0.587794,-0.809011,0.0,-0.587794,-0.809011,0.0,1.0,-0.587794,-0.809011,0.0,-0.587794,-0.809011,0.0,1.0,-0.587794,-0.809011,0.0,-0.587794,-0.809011,0.0,1.0,-0.587794,0.809011,-0.0,-0.587794,0.809011,-0.0,-1.0,-0.587794,0.809011,-0.0,-0.587794,0.809011,-0.0,-1.0,-0.587794,0.809011,-0.0,-0.587794,0.809011,-0.0,-1.0,0.0,1.0,0.0,0.0,1.0,0.0,1.0,0.0,1.0,0.0,0.0,1.0,0.0,1.0,0.0,1.0,0.0,0.0,1.0,0.0,1.0,0.951055,0.309021,-0.0,0.951055,0.309021,-0.0,-1.0,0.951055,0.309021,-0.0,0.951055,0.309021,-0.0,-1.0,0.951055,0.309021,-0.0,0.951055,0.309021,-0.0,-1.0,0.0,1.0,0.0,0.0,1.0,0.0,1.0,0.0,1.0,0.0,0.0,1.0,0.0,1.0,0.0,1.0,0.0,0.0,1.0,0.0,1.0,-0.951055,0.309021,-0.0,-0.951055,0.309021,-0.0,-1.0,-0.951055,0.309021,-0.0,-0.951055,0.309021,-0.0,-1.0,-0.951055,0.309021,-0.0,-0.951055,0.309021,-0.0,-1.0,-0.587794,-0.809011,0.0,-0.587794,-0.809011,0.0,1.0,-0.587794,-0.809011,0.0,-0.587794,-0.809011,0.0,1.0,-0.587794,-0.809011,0.0,-0.587794,-0.809011,0.0,1.0,0.587794,-0.809011,0.0,0.587794,-0.809011,0.0,1.0,0.587794,-0.809011,0.0,0.587794,-0.809011,0.0,1.0,0.587794,-0.809011,0.0,0.587794,-0.809011,0.0,1.0],"idx":[0,1,2,3,4,5,6,7,8,9,10,11,12,13,14,15,16,17,18,19,20,21,22,23,24,25,26,27,28,29,30,31,32,33,34,35,36,37,38,39,40,41,42,43,44,45,46,47,48,49,50,51,52,53,54,55,56,57,58,59],"name":"icosphere"}