{"xyz":[0.0,-1.0,0.0,1.0,0.0,0.0,0.0,0.0,1.0,-1.0,0.0,0.0,0.0,-1.0,0.0,0.0,0.0,1.0,0.0,1.0,0.0,-1.0,0.0,0.0,0.0,0.0,1.0,1.0,0.0,0.0,0.0,1.0,0.0,0.0,0.0,1.0,1.0,0.0,0.0,0.0,0.0,-1.0,0.0,1.0,0.0,0.0,-1.0,0.0,0.0,0.0,-1.0,1.0,0.0,0.0,0.0,-1.0,0.0,-1.0,0.0,0.0,0.0,0.0,-1.0,0.0,0.0,-1.0,-1.0,0.0,0.0,0.0,1.0,0.0],"uv":[0.25185,0.053899,0.49815,0.053899,0.375,0.267201,0.00185,0.053899,0.24815,0.053899,0.125,0.267201,0.75185,0.053899,0.99815,0.053899,0.875,0.267201,0.50185,0.053899,0.74815,0.053899,0.625,0.267201,0.500186,0.947061,0.625,0.730877,0.749814,0.947061,0.750186,0.947061,0.875,0.730877,0.999814,0.947061,0.249814,0.947061,0.000186,0.947061,0.125,0.730877,0.375,0.730877,0.499814,0.947061,0.250186,0.947061],"nxyz":[0.57735,-0.57735,0.57735,0.57735,-0.57735,0.57735,0.57735,-0.57735,0.57735,-0.57735,-0.57735,0.57735,-0.57735,-0.57735,0.57735,-0.57735,-0.57735,0.57735,-0.57735,0.57735,0.57735,-0.57735,0.57735,0.57735,-0.57735,0.57735,0.57735,0.57735,0.57735,0.57735,0.57735,0.57735,0.57735,0.57735,0.57735,0.57735,0.57735,0.57735,-0.57735,0.57735,0.57735,-0.57735,0.57735,0.57735,-0.57735,0.57735,-0.57735,-0.57735,0.57735,-0.57735,-0.57735,0.57735,-0.57735,-0.57735,-0.57735,-0.57735,-0.57735,-0.57735,-0.57735,-0.57735,-0.57735,-0.57735,-0.57735,-0.57735,0.57735,-0.57735,-0.57735,0.57735,-0.57735,-0.57735,0.57735,-0.57735],"txyz":[0.707107,0.707107,-0.0,0.707107,0.707107,-0.0,1.0,0.707107,0.707107,-0.0,0.707107,0.707107,-0.0,1.0,0.707107,0.707107,-0.0,0.707107,0.707107,-0.0,1.0,0.707107,-0.707107,-0.0,0.707107,-0.707107,-0.0,1.0,0.707107,-0.707107,-0.0,0.707107,-0.707107,-0.0,1.0,0.707107,-0.707107,-0.0,0.707107,-0.707107,-0.0,1.0,-0.707107,-0.707107,-0.0,-0.707107,-0.707107,-0.0,1.0,-0.707107,-0.707107,-0.0,-0.707107,-0.707107,-0.0,1.0,-0.707107,-0.707107,-0.0,-0.707107,-0.707107,-0.0,1.0,-0.707107,0.707107,0.0,-0.707107,0.707107,0.0,1.0,-0.707107,0.707107,0.0,-0.707107,0.707107,0.0,1.0,-0.707107,0.707107,0.0,-0.707107,0.707107,0.0,1.0,-0.707107,0.707107,-0.0,-0.707107,0.707107,-0.0,1.0,-0.707107,0.707107,-0.0,-0.707107,0.707107,-0.0,1.0,-0.707107,0.707107,-0.0,-0.707107,0.707107,-0.0,1.0,0.707107,0.707107,0.0,0.707107,0.707107,0.0,1.0,0.707107,0.707107,0.0,0.707107,0.707107,0.0,1.0,0.707107,0.707107,0.0,0.707107,0.707107,0.0,1.0,0.707107,-0.707107,0.0,0.707107,-0.707107,0.0,1.0,0.707107,-0.707107,0.0,0.707107,-0.707107,0.0,1.0,0.707107,-0.707107,0.0,0.707107,-0.707107,0.0,1.0,-0.707107,-0.707107,0.0,-0.707107,-0.707107,0.0,1.0,-0.707107,-0.707107,0.0,-0.707107,-0.707107,0.0,1.0,-0.707107,-0.707107,0.0,-0.707107,-0.707107,0.0,1.0],"idx":[0,1,2,3,4,5,6,7,8,9,10,11,12,13,14,15,16,17,18,19,20,21,22,23],"name":"octahedron"}