{
    "name": "octahedron",
    "xyz": [
        0.0,
        -1.0,
        0.0,
        1.0,
        0.0,
        0.0,
        0.0,
        0.0,
        1.0,
        -1.0,
        0.0,
        0.0,
        0.0,
        -1.0,
        0.0,
        0.0,
        0.0,
        1.0,
        0.0,
        1.0,
        0.0,
        -1.0,
        0.0,
        0.0,
        0.0,
        0.0,
        1.0,
        1.0,
        0.0,
        0.0,
        0.0,
        1.0,
        0.0,
        0.0,
        0.0,
        1.0,
        1.0,
        0.0,
        0.0,
        0.0,
        0.0,
        -1.0,
        0.0,
        1.0,
        0.0,
        0.0,
        -1.0,
        0.0,
        0.0,
        0.0,
        -1.0,
        1.0,
        0.0,
        0.0,
        0.0,
        -1.0,
        0.0,
        -1.0,
        0.0,
        0.0,
        0.0,
        0.0,
        -1.0,
        0.0,
        0.0,
        -1.0,
        -1.0,
        0.0,
        0.0,
        0.0,
        1.0,
        0.0
    ],
    "uv": [
        0.252,
        0.054,
        0.498,
        0.054,
        0.375,
        0.267,
        0.002,
        0.054,
        0.248,
        0.054,
        0.125,
        0.267,
        0.752,
        0.054,
        0.998,
        0.054,
        0.875,
        0.267,
        0.502,
        0.054,
        0.748,
        0.054,
        0.625,
        0.267,
        0.5,
        0.947,
        0.625,
        0.731,
        0.75,
        0.947,
        0.75,
        0.947,
        0.875,
        0.731,
        1.0,
        0.947,
        0.25,
        0.947,
        0.0,
        0.947,
        0.125,
        0.731,
        0.375,
        0.731,
        0.5,
        0.947,
        0.25,
        0.947
    ],
    "nxyz": [
        0.5773502588272095,
        -0.5773502588272095,
        0.5773502588272095,
        0.5773502588272095,
        -0.5773502588272095,
        0.5773502588272095,
        0.5773502588272095,
        -0.5773502588272095,
        0.5773502588272095,
        -0.5773502588272095,
        -0.5773502588272095,
        0.5773502588272095,
        -0.5773502588272095,
        -0.5773502588272095,
        0.5773502588272095,
        -0.5773502588272095,
        -0.5773502588272095,
        0.5773502588272095,
        -0.5773502588272095,
        0.5773502588272095,
        0.5773502588272095,
        -0.5773502588272095,
        0.5773502588272095,
        0.5773502588272095,
        -0.5773502588272095,
        0.5773502588272095,
        0.5773502588272095,
        0.5773502588272095,
        0.5773502588272095,
        0.5773502588272095,
        0.5773502588272095,
        0.5773502588272095,
        0.5773502588272095,
        0.5773502588272095,
        0.5773502588272095,
        0.5773502588272095,
        0.5773502588272095,
        0.5773502588272095,
        -0.5773502588272095,
        0.5773502588272095,
        0.5773502588272095,
        -0.5773502588272095,
        0.5773502588272095,
        0.5773502588272095,
        -0.5773502588272095,
        0.5773502588272095,
        -0.5773502588272095,
        -0.5773502588272095,
        0.5773502588272095,
        -0.5773502588272095,
        -0.5773502588272095,
        0.5773502588272095,
        -0.5773502588272095,
        -0.5773502588272095,
        -0.5773502588272095,
        -0.5773502588272095,
        -0.5773502588272095,
        -0.5773502588272095,
        -0.5773502588272095,
        -0.5773502588272095,
        -0.5773502588272095,
        -0.5773502588272095,
        -0.5773502588272095,
        -0.5773502588272095,
        0.5773502588272095,
        -0.5773502588272095,
        -0.5773502588272095,
        0.5773502588272095,
        -0.5773502588272095,
        -0.5773502588272095,
        0.5773502588272095,
        -0.5773502588272095
    ],
    "txyzw": [
        0.707,
        0.707,
        -0.0,
        -0.0,
        0.707,
        0.707,
        -0.0,
        -0.0,
        0.707,
        0.707,
        -0.0,
        -0.0,
        0.707,
        -0.707,
        -0.0,
        -0.0,
        0.707,
        -0.707,
        -0.0,
        -0.0,
        0.707,
        -0.707,
        -0.0,
        -0.0,
        -0.707,
        -0.707,
        -0.0,
        -0.0,
        -0.707,
        -0.707,
        -0.0,
        -0.0,
        -0.707,
        -0.707,
        -0.0,
        -0.0,
        -0.707,
        0.707,
        0.0,
        0.0,
        -0.707,
        0.707,
        0.0,
        0.0,
        -0.707,
        0.707,
        0.0,
        0.0,
        -0.707,
        0.707,
        -0.0,
        -0.0,
        -0.707,
        0.707,
        -0.0,
        -0.0,
        -0.707,
        0.707,
        -0.0,
        -0.0,
        0.707,
        0.707,
        0.0,
        0.0,
        0.707,
        0.707,
        0.0,
        0.0,
        0.707,
        0.707,
        0.0,
        0.0,
        0.707,
        -0.707,
        0.0,
        0.0,
        0.707,
        -0.707,
        0.0,
        0.0,
        0.707,
        -0.707,
        0.0,
        0.0,
        -0.707,
        -0.707,
        0.0,
        0.0,
        -0.707,
        -0.707,
        0.0,
        0.0,
        -0.707,
        -0.707,
        0.0,
        0.0
    ],
    "parts": [
        {
            "material": "2x2",
            "idx": [
                0,
                1,
                2,
                3,
                4,
                5,
                6,
                7,
                8,
                9,
                10,
                11,
                12,
                13,
                14,
                15,
                16,
                17,
                18,
                19,
                20,
                21,
                22,
                23
            ]
        }
    ]
}