{"name": "plane", "xyz": [1.0, -1.0, 0.0, -1.0, 1.0, 0.0, -1.0, -1.0, 0.0, 1.0, -1.0, 0.0, 1.0, 1.0, 0.0, -1.0, 1.0, 0.0, 1.0, -1.0, 0.0, 0.0, 0.0, 1.0, -1.0, 1.0, 0.0, -1.0, 1.0, 0.0, 0.0, 0.0, 1.0, 1.0, -1.0, 0.0], "uv": [0.0, 0.0, 1.0, 1.0, 0.0, 1.0, 0.0, 0.0, 1.0, 0.0, 1.0, 1.0, 0.0, 0.0, 1.0, 0.0, 1.0, 1.0, 0.0, 0.0, 1.0, 0.0, 1.0, 1.0], "nxyz": [0.0, 0.0, 1.0, 0.0, 0.0, 1.0, 0.0, 0.0, 1.0, 0.0, 0.0, 1.0, 0.0, 0.0, 1.0, 0.0, 0.0, 1.0, -0.7071067690849304, -0.7071067690849304, 0.0, -0.7071067690849304, -0.7071067690849304, 0.0, -0.7071067690849304, -0.7071067690849304, 0.0, 0.7071067690849304, 0.7071067690849304, 0.0, 0.7071067690849304, 0.7071067690849304, 0.0, 0.7071067690849304, 0.7071067690849304, 0.0], "txyzw": [-0.0, 1.0, 0.0, 0.0, -0.0, 1.0, 0.0, 0.0, -0.0, 1.0, 0.0, 0.0, -0.0, 1.0, 0.0, 0.0, -0.0, 1.0, 0.0, 0.0, -0.0, 1.0, 0.0, 0.0, -0.577, 0.577, 0.577, 0.577, -0.577, 0.577, 0.577, 0.577, -0.577, 0.577, 0.577, 0.577, 0.577, -0.577, 0.577, 0.577, 0.577, -0.577, 0.577, 0.577, 0.577, -0.577, 0.577, 0.577], "parts": [{"material": "m1", "idx": [0, 1, 2]}, {"material": "m2", "idx": [3, 4, 5, 6, 7, 8, 9, 10, 11]}]}