{
    "name" : "tri",
    "xyz" :
    [
        -0.5, -0.5, 1.0,
         0.5, -0.5, 1.0,
         0.0,  0.5, 1.0 
    ], 
    "uv" : 
    [
        0.875, 0.5,
        0.625, 0.75,
        0.625, 0.5
    ],
    "nxyz" :
    [
        -0.5773503184318542, 0.5773503184318542, 0.5773503184318542, 
        0.5773503184318542, -0.5773503184318542, 0.5773503184318542, 
        0.5773503184318542, 0.5773503184318542, 0.5773503184318542
    ],
    "bxyz" : 
    [
        0.0, -1.0, 0.0, 
        0.0, -1.0, 0.0, 
        0.0, -1.0, 0.0
    ],
    "txyz": [
        -1.0, -0.0, 0.0, 
        -1.0, -0.0, 0.0, 
        -1.0, -0.0, 0.0
    ], 
    "idx" : [ 0, 1, 2 ]
}